,PRODUCT_NUM,Unnamed: 0.1,SAP_MATERIAL,MLF_WEEK,STORE_ID,SEGMENT,UPC,MATERIAL_DESCRIPTION,BRAND,CATEGORY,ADDRESS,CONCAT,NewName,AD_IMAGE_ID
0,0,239,63100199040,201910,LCL1018,TENDERFLAKE CUBE,23659700000,TENDERFLAKE LARD 36X454G,TENDERFLAKE,BAKING PRODUCTS,18120 YONGE ST,BAKING PRODUCTS TENDERFLAKE TENDERFLAKE LARD 36X454G TENDERFLAKE CUBE SUPERSTORE,TENDERFLAKECUBE,http://images.mapleleaf.com/MARKET%20IQ/1498657248493231.JPG
1,952,154309,63100888098,201910,LCL3126,READY CRISP SLICES,25805500000,ML READY CRISP BACON SLICES DRP 270X65G,MAPLE LEAF,BACON,6435 ERIN MILLS PKWY,BACON MAPLE LEAF ML READY CRISP BACON SLICES DRP 270X65G READY CRISP SLICES NO FRILLS,READYCRISPSLICES,http://images.mapleleaf.com/MARKET%20IQ/10038228525189.JPG
2,1715,289887,63100006232,201910,LCL8774,READY CRISP PIECES,20150000000,ML READY CRISP BACON PIECES SHP 76X85G,MAPLE LEAF,BACON,1001 BOUL DE MONTARVILLE,BACON MAPLE LEAF ML READY CRISP BACON PIECES SHP 76X85G READY CRISP PIECES PROVIGO,READYCRISPPIECES,http://images.mapleleaf.com/MARKET%20IQ/2360607228452242.JPG
3,2468,421148,63100252899,201910,LCL9078,MLNS 175,22025600000,ML NAT SEL OR TURKEY BREAST 12X175G,MAPLE LEAF,SLICED MEATS,647 GOVERNMENT ST,SLICED MEATS MAPLE LEAF ML NAT SEL OR TURKEY BREAST 12X175G MLNS 175 EXTRA FOODS,MLNS175,http://images.mapleleaf.com/MARKET%20IQ/770085228556368.JPG
4,4287,726314,63100219465,201910,LCL658,ML 375,21699400000,ML REGULAR BACON 12X375G,MAPLE LEAF,BACON,PO BOX 550 5185 MAIN ST,BACON MAPLE LEAF ML REGULAR BACON 12X375G ML 375 YOUR IND GROCER,ML375,http://images.mapleleaf.com/MARKET%20IQ/10038228525189.JPG
5,5103,867872,63100231504,201910,LCL1170,ML FLAKES,21834900000,ML FLAKES OF HAM 24X156G,FLAKES,CANNED MEATS,363 RIDEAU ST,CANNED MEATS FLAKES ML FLAKES OF HAM 24X156G ML FLAKES LOBLAW,MLFLAKES,http://images.mapleleaf.com/MARKET%20IQ/217962222845289.JPG
6,6017,1018346,63100320024,201910,LCL515,LUNCHMATE STACKERS,21208100000,SCH LM STACKER HAM 24X90G,SCHNEIDER'S,KITS,1375 WEBER ST E,KITS SCHNEIDER'S SCH LM STACKER HAM 24X90G LUNCHMATE STACKERS ZEHRS,LUNCHMATESTACKERS,http://images.mapleleaf.com/MARKET%20IQ/2184585228452324.JPG
7,8454,1426905,62000553528,201910,LCL3120,SCH ADULT REGULAR,6310037589,SCH JUICY JUMBOS ORIGINAL 12X450G,SCHNEIDER'S,WIENERS,PO BOX 98 275 MAIN ST,WIENERS SCHNEIDER'S SCH JUICY JUMBOS ORIGINAL 12X450G SCH ADULT REGULAR NO FRILLS,SCHADULTREGULAR,http://images.mapleleaf.com/MARKET%20IQ/948522850149.JPG
8,11342,1933856,63100553064,201910,LCL572,SCH ADULT BEEF,21671400000,SCH JUICY JUMBOS 100% BEEF 12X375G,SCHNEIDER'S,WIENERS,300 MAIN ST E,WIENERS SCHNEIDER'S SCH JUICY JUMBOS 100% BEEF 12X375G SCH ADULT BEEF ZEHRS,SCHADULTBEEF,http://images.mapleleaf.com/MARKET%20IQ/14747228581709.JPG
9,12054,2065045,63100233218,201910,LCL8923,ML VIENNA,20177800000,ML VIENNA SAUSAGE 24X113G,MAPLE LEAF,CANNED MEATS,699 RUE CLEMENCEAU,CANNED MEATS MAPLE LEAF ML VIENNA SAUSAGE 24X113G ML VIENNA MAXI - MAXI & CIE,MLVIENNA,http://images.mapleleaf.com/MARKET%20IQ/574592284604.JPG
10,13434,2296835,63100000438,201910,LCL515,ML REGULAR,21208100000,ML TOP DOGS ORIG REGULAR SIZE 12X375G,MAPLE LEAF,WIENERS,1375 WEBER ST E,WIENERS MAPLE LEAF ML TOP DOGS ORIG REGULAR SIZE 12X375G ML REGULAR ZEHRS,MLREGULAR,http://images.mapleleaf.com/MARKET%20IQ/769508228556422.JPG
11,14252,2440054,62000260426,201910,LCL8845,SCH SLICED BOLO 500,21670800000,SCHNEIDERS BLUE RIBBON BOLOGNA 12X500G,SCHNEIDER'S,BOLOGNA,1100 13E AVE N,BOLOGNA SCHNEIDER'S SCHNEIDERS BLUE RIBBON BOLOGNA 12X500G SCH SLICED BOLO 500 PROVIGO,SCHSLICEDBOLO500,http://images.mapleleaf.com/MARKET%20IQ/21857932284521109.JPG
12,16195,2791029,63100107342,201910,LCL927,MLNS FAMILY PACK,6310000948,MLNS SHAVED TURKEY FP 6X375G,MAPLE LEAF,SLICED MEATS,100 LAURELL RD,SLICED MEATS MAPLE LEAF MLNS SHAVED TURKEY FP 6X375G MLNS FAMILY PACK DOMINION,MLNSFAMILYPACK,http://images.mapleleaf.com/MARKET%20IQ/17997228525378.JPG
13,16873,2913089,62000383856,201910,LCL572,LUNCHMATE KITS,21671400000,SCH LM HOT DOGS KIT 12X105G,SCHNEIDER'S,KITS,300 MAIN ST E,KITS SCHNEIDER'S SCH LM HOT DOGS KIT 12X105G LUNCHMATE KITS ZEHRS,LUNCHMATEKITS,http://images.mapleleaf.com/MARKET%20IQ/8208228525297.JPG
14,18605,3223700,63100115859,201910,LCL1050,SCH BEEF,27267200000,SCHNEIDERS ALL BEEF WIENERS 24X375G,SCHNEIDER'S,WIENERS,1980 BASELINE RD,WIENERS SCHNEIDER'S SCHNEIDERS ALL BEEF WIENERS 24X375G SCH BEEF LOBLAW,SCHBEEF,http://images.mapleleaf.com/MARKET%20IQ/29509632484931171.JPG
15,19279,3347924,67600901905,201910,LCL3132,HOLIDAY LMT,20012000000,HOLIDAY LUNCHEON MEAT (CHINESE) 24X340G,HOLIDAY,CANNED MEATS,360 MCLEVIN AVE,CANNED MEATS HOLIDAY HOLIDAY LUNCHEON MEAT (CHINESE) 24X340G HOLIDAY LMT NO FRILLS,HOLIDAYLMT,http://images.mapleleaf.com/MARKET%20IQ/1482534248493263.JPG
16,19580,3397002,62000458021,201910,LCL3149,SCH SMOKED,25805500000,SCH CHEDDAR SAUS 12X375G,SCHNEIDER'S,SAUSAGE,1515 KING ST E,SAUSAGE SCHNEIDER'S SCH CHEDDAR SAUS 12X375G SCH SMOKED NO FRILLS,SCHSMOKED,http://images.mapleleaf.com/MARKET%20IQ/950322850151.JPG
17,20242,3635051,63100375895,201910,LCL438,SCH 375,21671800000,SCH REG BACON SLICED 32X375G,SCHNEIDER'S,BACON,HWY 26 E,BACON SCHNEIDER'S SCH REG BACON SLICED 32X375G SCH 375 VALU-MART,SCH375,http://images.mapleleaf.com/MARKET%20IQ/59309228196411.JPG
18,21233,3822239,63100300804,201910,LCL874,NUTRIWHIP,6310050879,NUTRIWHIP TOPPING RSPO MB 12X500ML,NUTRIWHIP,BAKING PRODUCTS,24 AMANDA ST,BAKING PRODUCTS NUTRIWHIP NUTRIWHIP TOPPING RSPO MB 12X500ML NUTRIWHIP VALU-MART,NUTRIWHIP,http://images.mapleleaf.com/MARKET%20IQ/15488228581197.JPG
19,22817,4296753,63100203747,201910,LCL321,MLNS SHREDDED MEATS,21670600000,ML NAT SEL SHRED CHICKEN 8X200G,MAPLE LEAF,SLICED MEATS,125 KING ST,SLICED MEATS MAPLE LEAF ML NAT SEL SHRED CHICKEN 8X200G MLNS SHREDDED MEATS ATLANTIC SUPERSTORE,MLNSSHREDDEDMEATS,http://images.mapleleaf.com/MARKET%20IQ/566842281961696.JPG
20,25060,4715468,63100508798,201910,LCL8128,PEPPERETTES FAMILY PACK,20632800000,SCH EUROPEAN PEPPERETTES 16X375G,SCHNEIDER'S,SNACK FOODS,2235 1IERE AVE,SNACK FOODS SCHNEIDER'S SCH EUROPEAN PEPPERETTES 16X375G PEPPERETTES FAMILY PACK PROVIGO,PEPPERETTESFAMILYPACK,http://images.mapleleaf.com/MARKET%20IQ/3148352285541330.JPG
21,25993,4891630,62000261338,201910,LCL1584,SCH SLICED BEEF BOLO,6310028465,SCH ALL BEEF BOLO 12X375G,SCHNEIDER'S,BOLOGNA,2055 PRINCE OF WALES DR,BOLOGNA SCHNEIDER'S SCH ALL BEEF BOLO 12X375G SCH SLICED BEEF BOLO SUPERSTORE,SCHSLICEDBEEFBOLO,http://images.mapleleaf.com/MARKET%20IQ/1878354228556333.JPG
22,26550,4996133,63100421356,201910,LCL1066,PRIME B&B,6310038750,PRIME CHICKEN STRIPS RWA FZ 8X750G,PRIME,FURTHER PROCESSED POULTRY,380 THE EAST MALL,FURTHER PROCESSED POULTRY PRIME PRIME CHICKEN STRIPS RWA FZ 8X750G PRIME B&B LOBLAW,PRIMEB&B,http://images.mapleleaf.com/MARKET%20IQ/2334520228452173.JPG
23,26736,5035515,63100224223,201910,LCL1583,ML REGULAR BBQ,24053900000,DNU ML TOP DOGS ORIGINAL BBQ SIZE 24X450,MAPLE LEAF,WIENERS,30 THATCHER DR E,WIENERS MAPLE LEAF DNU ML TOP DOGS ORIGINAL BBQ SIZE 24X450 ML REGULAR BBQ SUPERSTORE,MLREGULARBBQ,http://images.mapleleaf.com/MARKET%20IQ/10408228525153.JPG
24,27757,5230180,62000108794,201910,LCL1584,SCH CN REGULAR,6310028465,SCH COUNTRY NATURALS WIENER 12X375G,SCHNEIDER'S,WIENERS,2055 PRINCE OF WALES DR,WIENERS SCHNEIDER'S SCH COUNTRY NATURALS WIENER 12X375G SCH CN REGULAR SUPERSTORE,SCHCNREGULAR,http://images.mapleleaf.com/MARKET%20IQ/10891228501330.JPG
25,28430,5355959,63100284661,201910,LCL512,ML HALF,6310028459,ML ORIGINAL SMOKED HAM 6X600G,MAPLE LEAF,HAM AND SP MEATS,25-45TH ST S,HAM AND SP MEATS MAPLE LEAF ML ORIGINAL SMOKED HAM 6X600G ML HALF SUPERSTORE,MLHALF,http://images.mapleleaf.com/MARKET%20IQ/7974422829854.JPG
26,29157,5478387,63100278806,201910,LCL1027,SCHNEIDERS SLICED MEATS,6310038750,SCH OVEN ROASTED TURKEY 12X150G,SCHNEIDER'S,SLICED MEATS,1740 RICHMOND ST N,SLICED MEATS SCHNEIDER'S SCH OVEN ROASTED TURKEY 12X150G SCHNEIDERS SLICED MEATS LOBLAW,SCHNEIDERSSLICEDMEATS,http://images.mapleleaf.com/MARKET%20IQ/947522850146.JPG
27,31864,6000343,63100097827,201910,LCL1127,SIMPLY LUNCH KITS,6038314590,SCH SIMPLY LUNCH NAT HAM 12X81G,SCHNEIDER'S,KITS,12 HURONTARIO ST,KITS SCHNEIDER'S SCH SIMPLY LUNCH NAT HAM 12X81G SIMPLY LUNCH KITS LOBLAW,SIMPLYLUNCHKITS,http://images.mapleleaf.com/MARKET%20IQ/8209228525298.JPG
28,32245,6073983,63100230347,201910,LCL8987,ML CANNED HAM 454,6310028453,ML CANNED HAM 12X454G,MAPLE LEAF,CANNED MEATS,12780 RUE SHERBROOKE E,CANNED MEATS MAPLE LEAF ML CANNED HAM 12X454G ML CANNED HAM 454 MAXI - MAXI & CIE,MLCANNEDHAM454,http://images.mapleleaf.com/MARKET%20IQ/10193228525603.JPG
29,33468,6297742,63100231467,201910,LCL8974,KAM LMT,20177800000,ML KAM LUNCHEON MEAT 24X340G,MAPLE LEAF,CANNED MEATS,805 BOUL FRONTENAC E,CANNED MEATS MAPLE LEAF ML KAM LUNCHEON MEAT 24X340G KAM LMT MAXI - MAXI & CIE,KAMLMT,http://images.mapleleaf.com/MARKET%20IQ/345250422845251.JPG
30,33933,6377887,62000267432,201910,LCL6746,HOT ROD SNACK PACK,6310000611,SCH HOT ROD TOWER DISPLAY 222X160G,SCHNEIDER'S,SNACK FOODS,319 FORT WILLIAM RD,SNACK FOODS SCHNEIDER'S SCH HOT ROD TOWER DISPLAY 222X160G HOT ROD SNACK PACK WHOLESALE CLUB,HOTRODSNACKPACK,http://images.mapleleaf.com/MARKET%20IQ/23717822855478.JPG
31,34354,6451154,63100479401,201910,LCL1532,SCH HALF,24053900000,SCH ORIGINAL 1/2 HAM 12X700G,SCHNEIDER'S,HAM AND SP MEATS,2210 MAIN ST,HAM AND SP MEATS SCHNEIDER'S SCH ORIGINAL 1/2 HAM 12X700G SCH HALF SUPERSTORE,SCHHALF,http://images.mapleleaf.com/MARKET%20IQ/217971122845295.JPG
32,36366,6845266,63100179127,201910,LCL1792,MLCC SLICED,25799500000,ML CC QUEBEC MAPLE HAM 8X150G,MAPLE LEAF,SLICED MEATS,1255 DAVIE ST,SLICED MEATS MAPLE LEAF ML CC QUEBEC MAPLE HAM 8X150G MLCC SLICED YOUR IND GROCER,MLCCSLICED,http://images.mapleleaf.com/MARKET%20IQ/2223943228452324.JPG
33,36906,6948402,62000303687,201910,LCL3910,SCH HAM STEAK,6310047944,SCH SMOKED HAM STEAK 12X175G,SCHNEIDER'S,HAM AND SP MEATS,504 MAIN ST N SS 2,HAM AND SP MEATS SCHNEIDER'S SCH SMOKED HAM STEAK 12X175G SCH HAM STEAK NO FRILLS,SCHHAMSTEAK,http://images.mapleleaf.com/MARKET%20IQ/30445228171675.JPG
34,37360,7034817,63100825529,201910,LCL3653,ML FZ SAUSAGE MEAT,22026000000,MAPLE LEAF SAUSAGE MEAT FZ 12X500G,MAPLE LEAF,SAUSAGE,270 WILSON AVE,SAUSAGE MAPLE LEAF MAPLE LEAF SAUSAGE MEAT FZ 12X500G ML FZ SAUSAGE MEAT NO FRILLS,MLFZSAUSAGEMEAT,http://images.mapleleaf.com/MARKET%20IQ/2223900228452308.JPG
35,37740,7104050,63100421387,201910,LCL1813,PRIME WINGS,22025000000,PRIME CHICKEN BBQ WINGS RWA FZ 8X800G,PRIME,FURTHER PROCESSED POULTRY,5212 50TH ST,FURTHER PROCESSED POULTRY PRIME PRIME CHICKEN BBQ WINGS RWA FZ 8X800G PRIME WINGS YOUR IND GROCER,PRIMEWINGS,http://images.mapleleaf.com/MARKET%20IQ/325011228554292.JPG
36,39182,7391922,62000869176,201910,LCL831,SCH FROZEN,22823000000,SCHNEIDERS MINI SIZZLERS FZ 24X375G,SCHNEIDER'S,SAUSAGE,150 PRESCOTT CENTRE DR,SAUSAGE SCHNEIDER'S SCHNEIDERS MINI SIZZLERS FZ 24X375G SCH FROZEN YOUR IND GROCER,SCHFROZEN,http://images.mapleleaf.com/MARKET%20IQ/3481482285541644.JPG
37,41475,7813836,57072902005,201910,LCL379,SWIFT CANNED HAM 454,6310038750,SWIFT PREMIUM CANNED HAM 12X454G,SWIFT,CANNED MEATS,3601 JOSEPH HOWE DR,CANNED MEATS SWIFT SWIFT PREMIUM CANNED HAM 12X454G SWIFT CANNED HAM 454 ATLANTIC SUPERSTORE,SWIFTCANNEDHAM454,http://images.mapleleaf.com/MARKET%20IQ/2551478228493572.JPG
38,42214,7951342,63100254749,201910,LCL3119,MSD FIXED PRICE MID,6310038750,MSD SMOKED BLACK FOREST HAM 10X300G,MAIN STREET DELI,SLICED MEATS,980A FRANKLIN BLVD,SLICED MEATS MAIN STREET DELI MSD SMOKED BLACK FOREST HAM 10X300G MSD FIXED PRICE MID NO FRILLS,MSDFIXEDPRICEMID,http://images.mapleleaf.com/MARKET%20IQ/1482444248493255.JPG
39,42554,8013378,63100251151,201910,LCL1099,GREENFIELD 375,6038305954,GRNFLD CDN RWA BACON 12X375G,GREENFIELD NATURAL MEAT CO.,BACON,3671 DUNDAS ST W,BACON GREENFIELD NATURAL MEAT CO. GRNFLD CDN RWA BACON 12X375G GREENFIELD 375 LOBLAW,GREENFIELD375,http://images.mapleleaf.com/MARKET%20IQ/25605228171176.JPG
40,42692,8045103,63100235038,201910,LCL538,PRIME STRIPS LARGE,21670900000,PRIME FC SLICED CHICKEN BREAST 8X300G,PRIME,FURTHER PROCESSED POULTRY,297 ERAMOSA RD,FURTHER PROCESSED POULTRY PRIME PRIME FC SLICED CHICKEN BREAST 8X300G PRIME STRIPS LARGE ZEHRS,PRIMESTRIPSLARGE,http://images.mapleleaf.com/MARKET%20IQ/161068228555826.JPG
41,43250,8151996,60383017382,201910,LCL625,NO NAME REGULAR,21699400000,NN ORIGINAL WIENERS 24X450G,NO NAME,WIENERS,PO BOX 39,WIENERS NO NAME NN ORIGINAL WIENERS 24X450G NO NAME REGULAR YOUR IND GROCER,NONAMEREGULAR,
42,44218,8306676,60383994867,201910,LCL532,OTHER,23510000000,NN BACON BITS 12X85G,NO NAME,BACON,35400D HURON RD BOX 365,BACON NO NAME NN BACON BITS 12X85G OTHER ZEHRS,OTHER,
43,45191,8464269,60383046146,201910,LCL6703,NO NAME CHUBS SMALL,21663300000,NO NAME PEPPERONI CHUB 12X500G,NO NAME,SAUSAGE,1725 ELLICE AVE,SAUSAGE NO NAME NO NAME PEPPERONI CHUB 12X500G NO NAME CHUBS SMALL WHOLESALE CLUB,NONAMECHUBSSMALL,
44,46568,8687267,62000185030,201910,LCL1754,SCH SPECIALTY,22823000000,SCHNEIDERS SLIMSTIK PEPPERONI 12X250G,SCHNEIDER'S,SAUSAGE,1836 REGENT ST S,SAUSAGE SCHNEIDER'S SCHNEIDERS SLIMSTIK PEPPERONI 12X250G SCH SPECIALTY YOUR IND GROCER,SCHSPECIALTY,http://images.mapleleaf.com/MARKET%20IQ/217953022845276.JPG
45,46896,8750709,63100231153,201910,LCL1563,KLIK LMT,6038314590,ML KLIK LUNCHEON MEAT 24X340G,MAPLE LEAF,CANNED MEATS,291 COWICHAN WAY,CANNED MEATS MAPLE LEAF ML KLIK LUNCHEON MEAT 24X340G KLIK LMT SUPERSTORE,KLIKLMT,http://images.mapleleaf.com/MARKET%20IQ/1994581248493271.JPG
46,47050,8778388,62000802098,201910,LCL866,SCH LARGE PACK PIES,22577200000,SCHNEIDERS  BEEF MEAT PIES FZ 12X400G,SCHNEIDER'S,PASTRY PRODUCTS,5911 PERTH ST,PASTRY PRODUCTS SCHNEIDER'S SCHNEIDERS  BEEF MEAT PIES FZ 12X400G SCH LARGE PACK PIES YOUR IND GROCER,SCHLARGEPACKPIES,http://images.mapleleaf.com/MARKET%20IQ/314665228556390.JPG
47,47349,8840417,63100284494,201910,LCL3612,SCH REGULAR,6038374804,SCHNEIDERS REGULAR WIENERS 24X375G,SCHNEIDER'S,WIENERS,100 MAIN ST SW,WIENERS SCHNEIDER'S SCHNEIDERS REGULAR WIENERS 24X375G SCH REGULAR NO FRILLS,SCHREGULAR,http://images.mapleleaf.com/MARKET%20IQ/217970622845290.JPG
48,47812,8931273,77262517030,201910,LCL8650,GROUNDS,6038313755,LC FXD PN MAP3 CKN XLEAN GRND TOTE 12/CS,PRIME,PRIMARY CHICKEN,1500 CH SULLIVAN,PRIMARY CHICKEN PRIME LC FXD PN MAP3 CKN XLEAN GRND TOTE 12/CS GROUNDS MAXI - MAXI & CIE,GROUNDS,http://images.mapleleaf.com/MARKET%20IQ/793112228556394.JPG
49,48291,9019160,63100240100,201910,LCL3408,SCH SMOKIES,22026000000,SCHNEIDERS CHEDDAR PP SMOKIES 8X900G,SCHNEIDER'S,SAUSAGE,882 85TH ST SW,SAUSAGE SCHNEIDER'S SCHNEIDERS CHEDDAR PP SMOKIES 8X900G SCH SMOKIES NO FRILLS,SCHSMOKIES,http://images.mapleleaf.com/MARKET%20IQ/217970822845292.JPG
50,48683,9089170,63100451261,201910,LCL450,PRIME STUFFED,20177800000,PRIME STFFD HAM & MZZRLLA RWA FZ 8X568G,PRIME,FURTHER PROCESSED POULTRY,2681 ALTA VISTA DR,FURTHER PROCESSED POULTRY PRIME PRIME STFFD HAM & MZZRLLA RWA FZ 8X568G PRIME STUFFED YOUR IND GROCER,PRIMESTUFFED,http://images.mapleleaf.com/MARKET%20IQ/5432022817557.JPG
51,48881,9132941,63100480261,201910,LCL55,SCH 500,28526300000,SCH DOUBLE SMOKED BACON 12X500G,SCHNEIDER'S,BACON,8585 HWY 27,BACON SCHNEIDER'S SCH DOUBLE SMOKED BACON 12X500G SCH 500 FORTINOS,SCH500,http://images.mapleleaf.com/MARKET%20IQ/11887228581920.JPG
52,49444,9242123,63100479289,201910,LCL8963,PEPPERETTES FLAT PACK,20177800000,SCH ORIG DRY SAUSAGE PEPPERETTES 20X60G,SCHNEIDER'S,SNACK FOODS,181 BOUL BARRETTE,SNACK FOODS SCHNEIDER'S SCH ORIG DRY SAUSAGE PEPPERETTES 20X60G PEPPERETTES FLAT PACK MAXI - MAXI & CIE,PEPPERETTESFLATPACK,http://images.mapleleaf.com/MARKET%20IQ/11224022484931527.JPG
53,51972,9700227,60383061385,201910,LCL573,PC FREE FROM 175,6148300660,PC FREE FROM TURKEY 12X175G,PRESIDENT'S CHOICE,SLICED MEATS,400 MANNING RD,SLICED MEATS PRESIDENT'S CHOICE PC FREE FROM TURKEY 12X175G PC FREE FROM 175 ZEHRS,PCFREEFROM175,
54,52848,9849315,63100285729,201910,LCL1029,SCHNEIDERS ADULT KITS,21836100000,SCH ADULT SNK KIT TURKEY 12X75G,SCHNEIDER'S,KITS,650 DUPONT ST,KITS SCHNEIDER'S SCH ADULT SNK KIT TURKEY 12X75G SCHNEIDERS ADULT KITS LOBLAW,SCHNEIDERSADULTKITS,http://images.mapleleaf.com/MARKET%20IQ/17968228581464.JPG
55,54106,10091350,60383056206,201910,LCL1877,PC FREE FROM REGULAR,22025500000,PC FREE FROM RWA PORK WIENERS 12X375G,PRESIDENT'S CHOICE,WIENERS,20678 WILLOUGHBY TOWN CENTRE DR,WIENERS PRESIDENT'S CHOICE PC FREE FROM RWA PORK WIENERS 12X375G PC FREE FROM REGULAR YOUR IND GROCER,PCFREEFROMREGULAR,
56,57303,10656322,59620391460,201910,LCL1872,NO NAME SPECIALTY,22025100000,NN GARLIC COIL 12X750G,NO NAME,SAUSAGE,1650 LONSDALE AVE,SAUSAGE NO NAME NN GARLIC COIL 12X750G NO NAME SPECIALTY YOUR IND GROCER,NONAMESPECIALTY,
57,58308,10832164,63100449978,201910,LCL362,MSD FIXED PRICE LOW,20499100000,MSD SALAMI 10X300G,MAIN STREET DELI,SLICED MEATS,25 SAVOIE AVE,SLICED MEATS MAIN STREET DELI MSD SALAMI 10X300G MSD FIXED PRICE LOW ATLANTIC SUPERSTORE,MSDFIXEDPRICELOW,http://images.mapleleaf.com/MARKET%20IQ/20523212284521932.JPG
58,58765,10915275,60383059207,201910,LCL367,PC FREE FROM HALF,6310026897,PC FREE FROM DINNER HAM 12X700G,PRESIDENT'S CHOICE,HAM AND SP MEATS,5240 HWY 7,HAM AND SP MEATS PRESIDENT'S CHOICE PC FREE FROM DINNER HAM 12X700G PC FREE FROM HALF ATLANTIC SUPERSTORE,PCFREEFROMHALF,
59,60426,11192772,60383081307,201910,LCL1515,PC SMOKIES,6038308126,PC CHEDDAR SMOKIES 6X1KG,PRESIDENT'S CHOICE,SAUSAGE,920 VICTORIA AVE,SAUSAGE PRESIDENT'S CHOICE PC CHEDDAR SMOKIES 6X1KG PC SMOKIES SUPERSTORE,PCSMOKIES,
60,62022,11464358,62000129126,201910,LCL1754,HOT ROD BAG,22823000000,SCHNEIDERS 5 PACK HOT RODS ORIG 24/CS,SCHNEIDER'S,SNACK FOODS,1836 REGENT ST S,SNACK FOODS SCHNEIDER'S SCHNEIDERS 5 PACK HOT RODS ORIG 24/CS HOT ROD BAG YOUR IND GROCER,HOTRODBAG,
61,62140,11491570,63100251120,201910,LCL579,GRNFL CDN SLICED 175,6310028461,GRNFL CDN RWA TURKEY 12X175G,GREENFIELD NATURAL MEAT CO.,SLICED MEATS,969 DUNDAS ST,SLICED MEATS GREENFIELD NATURAL MEAT CO. GRNFL CDN RWA TURKEY 12X175G GRNFL CDN SLICED 175 ZEHRS,GRNFLCDNSLICED175,http://images.mapleleaf.com/MARKET%20IQ/23142285810.JPG
62,62903,11680871,63100232143,201910,LCL8973,ML CHUNKS,6310028453,ML CHICKEN BREAST CHUNKS 24X142G,CHUNKS,CANNED MEATS,3880 BOUL HARVEY,CANNED MEATS CHUNKS ML CHICKEN BREAST CHUNKS 24X142G ML CHUNKS MAXI - MAXI & CIE,MLCHUNKS,http://images.mapleleaf.com/MARKET%20IQ/179059228617330.JPG
63,63027,11706905,63100479913,201910,LCL467,ML FULLY COOKED,22577300000,ML FULLY COOKED BKFST SSG PTTS 12X300G,MAPLE LEAF,SAUSAGE,1619 ORLEANS BLVD,SAUSAGE MAPLE LEAF ML FULLY COOKED BKFST SSG PTTS 12X300G ML FULLY COOKED YOUR IND GROCER,MLFULLYCOOKED,http://images.mapleleaf.com/MARKET%20IQ/19509228581574.JPG
64,64492,11964603,63100284531,201910,LCL8448,HYGRADE REGULAR,27267200000,HYGRADE FRANKFURTERS 24X375G,HYGRADE,WIENERS,4545 BOUL HENRI-BOURASSA,WIENERS HYGRADE HYGRADE FRANKFURTERS 24X375G HYGRADE REGULAR PROVIGO,HYGRADEREGULAR,http://images.mapleleaf.com/MARKET%20IQ/33973012284529.JPG
65,64822,12011718,63100216396,201910,LCL1754,OH NATUREL,22823000000,OH NAT! QUIN MSHRM BRGR FZ 12X352G,OH NATUREL!,BOXED MEATS,1836 REGENT ST S,BOXED MEATS OH NATUREL! OH NAT! QUIN MSHRM BRGR FZ 12X352G OH NATUREL YOUR IND GROCER,OHNATUREL,http://images.mapleleaf.com/MARKET%20IQ/13143072284521573.JPG
66,66033,12245258,62000108695,201910,LCL523,SCH CN 375,6310028571,SCH COUNTRY NATURALS BACON 12X375G,SCHNEIDER'S,BACON,1005 OTTAWA ST N,BACON SCHNEIDER'S SCH COUNTRY NATURALS BACON 12X375G SCH CN 375 ZEHRS,SCHCN375,http://images.mapleleaf.com/MARKET%20IQ/1493927248493193.JPG
67,66414,12327845,58640000147,201910,LCL8040,HYGRADE REGULAR BBQ,21837100000,HYGRADE BBQ FRANKS 12X450G,HYGRADE,WIENERS,167 RUE DE LA REINE,WIENERS HYGRADE HYGRADE BBQ FRANKS 12X450G HYGRADE REGULAR BBQ PROVIGO,HYGRADEREGULARBBQ,http://images.mapleleaf.com/MARKET%20IQ/33973012284529.JPG
68,67197,12458756,63100000209,201910,LCL8971,HYGRADE BEEF,20177800000,HYGRADE ALL BEEF FRANKS 12X375G,HYGRADE,WIENERS,6-1000 BOUL DU SEMINAIRE,WIENERS HYGRADE HYGRADE ALL BEEF FRANKS 12X375G HYGRADE BEEF MAXI - MAXI & CIE,HYGRADEBEEF,http://images.mapleleaf.com/MARKET%20IQ/514915228554473.JPG
69,71193,13175718,63100284593,201910,LCL817,ML SLICED BOLO,20177800000,ML NATURAL SLICED BOLO 12X250G,MAPLE LEAF,BOLOGNA,5121 COUNTRY RD 21,BOLOGNA MAPLE LEAF ML NATURAL SLICED BOLO 12X250G ML SLICED BOLO YOUR IND GROCER,MLSLICEDBOLO,http://images.mapleleaf.com/MARKET%20IQ/2677262248493193.JPG
70,72270,13384210,63100000254,201910,LCL8489,HYGRADE COCKTAIL,6310028453,HYGRADE COCKTAIL WIENERS 12X225G,HYGRADE,WIENERS,260 RUE ST CYRILLE,WIENERS HYGRADE HYGRADE COCKTAIL WIENERS 12X225G HYGRADE COCKTAIL PROVIGO,HYGRADECOCKTAIL,http://images.mapleleaf.com/MARKET%20IQ/209230228555588.JPG
71,73174,13542517,60383081253,201910,LCL3631,NO NAME SMOKIES,6310047946,NN ORIGINAL SMOKED SAUSAGE 6X900G,NO NAME,SAUSAGE,3555 DON MILLS RD,SAUSAGE NO NAME NN ORIGINAL SMOKED SAUSAGE 6X900G NO NAME SMOKIES NO FRILLS,NONAMESMOKIES,
72,73789,13639658,62000184651,201910,LCL1585,SCH SPECIALTY CHUB,6310010033,SCH THURINGER 6X500G,SCHNEIDER'S,SAUSAGE,4450 ROCHDALE BLVD,SAUSAGE SCHNEIDER'S SCH THURINGER 6X500G SCH SPECIALTY CHUB SUPERSTORE,SCHSPECIALTYCHUB,http://images.mapleleaf.com/MARKET%20IQ/217970722845291.JPG
73,76856,14207205,60383059542,201910,LCL3143,PC FREE FROM IQF,6310010875,PC FREE FROM CHICKEN TENDERS FZ 6X750G,PRESIDENT'S CHOICE,FURTHER PROCESSED POULTRY,2400 GUELPH LINE,FURTHER PROCESSED POULTRY PRESIDENT'S CHOICE PC FREE FROM CHICKEN TENDERS FZ 6X750G PC FREE FROM IQF NO FRILLS,PCFREEFROMIQF,
74,77627,14356507,60383680869,201910,LCL1586,PC FF FC SLICES,6310050877,PC FF FC REG BACON SLICES 16X65G,PRESIDENT'S CHOICE,BACON,19655 SETON WAY SE,BACON PRESIDENT'S CHOICE PC FF FC REG BACON SLICES 16X65G PC FF FC SLICES SUPERSTORE,PCFFFCSLICES,
75,78204,14464006,63100224056,201910,LCL1877,ML REGULAR LARGE PACK,22025500000,ML TOP DOGS ORIGINAL WIENERS 12X900G,MAPLE LEAF,WIENERS,20678 WILLOUGHBY TOWN CENTRE DR,WIENERS MAPLE LEAF ML TOP DOGS ORIGINAL WIENERS 12X900G ML REGULAR LARGE PACK YOUR IND GROCER,MLREGULARLARGEPACK,http://images.mapleleaf.com/MARKET%20IQ/2677255248493191.JPG
76,78317,14487892,60383020139,201910,LCL812,PC BLUE MENU CHUNKS,6487521093,PC BLUE MENU CHICKEN CHUNKS 12X142G,PRESIDENT'S CHOICE,CANNED MEATS,55 BRUNETVILLE RD,CANNED MEATS PRESIDENT'S CHOICE PC BLUE MENU CHICKEN CHUNKS 12X142G PC BLUE MENU CHUNKS YOUR IND GROCER,PCBLUEMENUCHUNKS,
77,79412,14695688,60383158078,201910,LCL3618,PC FREE FROM FAMILY PACKS,20012000000,PC FF OVEN ROASTED TURKEY 6X375G,PRESIDENT'S CHOICE,SLICED MEATS,295 QUEEN ST E,SLICED MEATS PRESIDENT'S CHOICE PC FF OVEN ROASTED TURKEY 6X375G PC FREE FROM FAMILY PACKS NO FRILLS,PCFREEFROMFAMILYPACKS,
78,80009,14809791,63100251168,201910,LCL536,GREENFIELD BACK BACON,6038314590,GRNFLD CDN RWA BACK  BACON 12X200G,GREENFIELD NATURAL MEAT CO.,BACON,285 GENEVA ST,BACON GREENFIELD NATURAL MEAT CO. GRNFLD CDN RWA BACK  BACON 12X200G GREENFIELD BACK BACON ZEHRS,GREENFIELDBACKBACON,http://images.mapleleaf.com/MARKET%20IQ/24512285811478.JPG
79,80217,14854813,60383172128,201910,LCL473,PC ADULT,27267200000,PC FREE FROM PORK FRANKFURTERS 12X375G,PRESIDENT'S CHOICE,WIENERS,400 DUNDAS ST E,WIENERS PRESIDENT'S CHOICE PC FREE FROM PORK FRANKFURTERS 12X375G PC ADULT YOUR IND GROCER,PCADULT,
80,81231,15048983,60383681361,201910,LCL8645,NO NAME LARGE PIES,20177800000,NN TOURTIERE FZ 12X450G,NO NAME,PASTRY PRODUCTS,1877 RUE BILODEAU,PASTRY PRODUCTS NO NAME NN TOURTIERE FZ 12X450G NO NAME LARGE PIES MAXI - MAXI & CIE,NONAMELARGEPIES,
81,81883,15157704,60383056282,201910,LCL3602,PC FREE FROM SMOKED,21421800000,PC FREE FROM RWA SMK PK SAUSAGE 12X300G,PRESIDENT'S CHOICE,SAUSAGE,5080 43RD AVE,SAUSAGE PRESIDENT'S CHOICE PC FREE FROM RWA SMK PK SAUSAGE 12X300G PC FREE FROM SMOKED NO FRILLS,PCFREEFROMSMOKED,
82,83135,15394565,63100284760,201910,LCL8458,QF 375,27267200000,MERE MICHEL REGULAR BACON 24X375G,MERE MICHEL,BACON,55 BOUL JACQUES CARTIER S,BACON MERE MICHEL MERE MICHEL REGULAR BACON 24X375G QF 375 PROVIGO,QF375,http://images.mapleleaf.com/MARKET%20IQ/182761422855671.JPG
83,83329,15415763,60383151352,201910,LCL353,PC FF FC PIECES,6310028455,PC FREE FROM FC BACON PIECES 12X85G,PRESIDENT'S CHOICE,BACON,168 ROTHESAY AVE,BACON PRESIDENT'S CHOICE PC FREE FROM FC BACON PIECES 12X85G PC FF FC PIECES ATLANTIC SUPERSTORE,PCFFFCPIECES,
84,83829,15511143,63100251144,201910,LCL1019,GREENFIELD SLC HAM,21836100000,GRNFL CDN RWA SLC HAM 12X500G,GREENFIELD NATURAL MEAT CO.,HAM AND SP MEATS,2877 BAYVIEW AVE,HAM AND SP MEATS GREENFIELD NATURAL MEAT CO. GRNFL CDN RWA SLC HAM 12X500G GREENFIELD SLC HAM LOBLAW,GREENFIELDSLCHAM,http://images.mapleleaf.com/MARKET%20IQ/16693802284521135.JPG
85,84482,15641248,63100000025,201910,LCL8861,HYGRADE WIENER 225,20382500000,HYGRADE FRANKFURTERS 24X225G,HYGRADE,WIENERS,100-649 BOUL LAURE,WIENERS HYGRADE HYGRADE FRANKFURTERS 24X225G HYGRADE WIENER 225 PROVIGO,HYGRADEWIENER225,http://images.mapleleaf.com/MARKET%20IQ/208145322855683.JPG
86,85575,15834053,63100251175,201910,LCL1212,GREENFIELD SMOKED,20131700000,GRNFL CDN RWA SMOKED SAUSAGE 12X300G,GREENFIELD NATURAL MEAT CO.,SAUSAGE,396 ST CLAIR AVE W,SAUSAGE GREENFIELD NATURAL MEAT CO. GRNFL CDN RWA SMOKED SAUSAGE 12X300G GREENFIELD SMOKED LOBLAW,GREENFIELDSMOKED,http://images.mapleleaf.com/MARKET%20IQ/92526228298255.JPG
87,85663,15854346,63100251137,201910,LCL67,GREENFIELD ADULT,6200080209,GRNFL CDN RWA WIENER 12X375G,GREENFIELD NATURAL MEAT CO.,WIENERS,1579 MAIN ST W,WIENERS GREENFIELD NATURAL MEAT CO. GRNFL CDN RWA WIENER 12X375G GREENFIELD ADULT FORTINOS,GREENFIELDADULT,http://images.mapleleaf.com/MARKET%20IQ/12780132484931165.JPG
88,87531,16301862,63100467323,201910,LCL1509,MLNS CARVED,24053900000,MLNS ROASTED CARVED TKY BRST 6X375G,MAPLE LEAF,SLICED MEATS,80 BISON DR,SLICED MEATS MAPLE LEAF MLNS ROASTED CARVED TKY BRST 6X375G MLNS CARVED SUPERSTORE,MLNSCARVED,http://images.mapleleaf.com/MARKET%20IQ/756251228556500.JPG
89,87638,16326665,60383059238,201910,LCL1533,PC PEPPERELLOS,6038374804,PC FREE FROM PEPPERELLOS 14X375G,PRESIDENT'S CHOICE,SNACK FOODS,1200-3806 ALBERT ST,SNACK FOODS PRESIDENT'S CHOICE PC FREE FROM PEPPERELLOS 14X375G PC PEPPERELLOS SUPERSTORE,PCPEPPERELLOS,
90,89291,16707087,63100009486,201910,LCL625,SUNRISE SLICED BOLO,21699400000,SUNRISE THK SLC BOLOGNA 30X375G,SUNRISE,BOLOGNA,PO BOX 39,BOLOGNA SUNRISE SUNRISE THK SLC BOLOGNA 30X375G SUNRISE SLICED BOLO YOUR IND GROCER,SUNRISESLICEDBOLO,http://images.mapleleaf.com/MARKET%20IQ/13574122284521422.JPG
91,89403,16726523,63100100336,201910,LCL1515,REGIONAL TOUPIE,6038308126,MGF TOUPIE WHOLE HAM 4X1.5KG,MITCHELL'S GOURMET FOODS,HAM AND SP MEATS,920 VICTORIA AVE,HAM AND SP MEATS MITCHELL'S GOURMET FOODS MGF TOUPIE WHOLE HAM 4X1.5KG REGIONAL TOUPIE SUPERSTORE,REGIONALTOUPIE,http://images.mapleleaf.com/MARKET%20IQ/317987022845269.JPG
92,89826,16811387,62000113470,201910,LCL3939,SCH BEEF BBQ,20012000000,SCH BBQ SIZE BEEF WIENERS 24X450G,SCHNEIDER'S,WIENERS,5887 MAIN ST,WIENERS SCHNEIDER'S SCH BBQ SIZE BEEF WIENERS 24X450G SCH BEEF BBQ NO FRILLS,SCHBEEFBBQ,http://images.mapleleaf.com/MARKET%20IQ/1515751248493260.JPG
93,91333,17101802,77262516626,201910,LCL1502,B/S FILLET OUT,24053900000,LC FXD PN MAP3 CKN B/S BRST TOTE 12/CS,PRIME,PRIMARY CHICKEN,11541 KINGSWAY NW,PRIMARY CHICKEN PRIME LC FXD PN MAP3 CKN B/S BRST TOTE 12/CS B/S FILLET OUT SUPERSTORE,B/SFILLETOUT,
94,92404,17294990,62000151844,201910,LCL2687,SCH CN SLICED MEATS,6310048026,SCH COUNTRY NAT OR TURKEY BREAST 12X175G,SCHNEIDER'S,SLICED MEATS,455 MCNEELY AVE,SLICED MEATS SCHNEIDER'S SCH COUNTRY NAT OR TURKEY BREAST 12X175G SCH CN SLICED MEATS YOUR IND GROCER,SCHCNSLICEDMEATS,http://images.mapleleaf.com/MARKET%20IQ/31976922855427.JPG
95,92405,17295091,63100435971,201910,LCL8971,CAPPOLA SLICED,20177800000,CAPPOLA GENOA SWT S/P 12X200G,CAPPOLA,SLICED MEATS,6-1000 BOUL DU SEMINAIRE,SLICED MEATS CAPPOLA CAPPOLA GENOA SWT S/P 12X200G CAPPOLA SLICED MAXI - MAXI & CIE,CAPPOLASLICED,http://images.mapleleaf.com/MARKET%20IQ/296045124849345.JPG
96,92864,17369924,55040142149,201910,LCL372,LARSEN REGULAR LARGE PACK,5683966510,LARSEN WIENERS 12X900G,LARSEN,WIENERS,104 STARRS RD,WIENERS LARSEN LARSEN WIENERS 12X900G LARSEN REGULAR LARGE PACK ATLANTIC SUPERSTORE,LARSENREGULARLARGEPACK,http://images.mapleleaf.com/MARKET%20IQ/303754324849358.JPG
97,92978,17389462,63100460348,201910,LCL2810,MSD FIXED PRICE HIGH,6310020871,MSD BF HAM & ROAST BEEF 10X400G,MAIN STREET DELI,SLICED MEATS,820 MAIN ST E,SLICED MEATS MAIN STREET DELI MSD BF HAM & ROAST BEEF 10X400G MSD FIXED PRICE HIGH SUPERSTORE,MSDFIXEDPRICEHIGH,http://images.mapleleaf.com/MARKET%20IQ/6002372285561680.JPG
98,93596,17503023,60383166035,201910,LCL8653,NO NAME CLUB PACK,20783200000,NN ORIGINAL WIENERS CP 8X1.5KG,NO NAME,WIENERS,595 AV DU PHARE E,WIENERS NO NAME NN ORIGINAL WIENERS CP 8X1.5KG NO NAME CLUB PACK MAXI - MAXI & CIE,NONAMECLUBPACK,
99,94018,17570655,62000834610,201910,LCL545,SCH CONDIMENTS,21671800000,SCHNEIDERS OKTBRFST MSTRD JARS 12X250ML,SCHNEIDER'S,SAUSAGE,180 HOLIDAY INN DR,SAUSAGE SCHNEIDER'S SCHNEIDERS OKTBRFST MSTRD JARS 12X250ML SCH CONDIMENTS ZEHRS,SCHCONDIMENTS,
100,94470,17639616,66170001251,201910,LCL316,SUNRISE UNCOOKED,21354600000,SUNRISE BEEF BURGER FZ 20X500G,SUNRISE,BOXED MEATS,3455 RUE PRINCIPALE,BOXED MEATS SUNRISE SUNRISE BEEF BURGER FZ 20X500G SUNRISE UNCOOKED ATLANTIC SUPERSTORE,SUNRISEUNCOOKED,
101,95083,17744002,63100479562,201910,LCL8638,PEPPERETTES BITES,27267200000,SCH PEPPRT BTS SPCY HABANERO 6X250G,SCHNEIDER'S,SNACK FOODS,375 CH D ALYMER,SNACK FOODS SCHNEIDER'S SCH PEPPRT BTS SPCY HABANERO 6X250G PEPPERETTES BITES PROVIGO,PEPPERETTESBITES,http://images.mapleleaf.com/MARKET%20IQ/203017422855675.JPG
102,95323,17790561,60383147287,201910,LCL2713,NO NAME HAMS,20382500000,NO NAME HONEY HAM 6X1.3KG,NO NAME,HAM AND SP MEATS,240 B MEMORIAL DR,HAM AND SP MEATS NO NAME NO NAME HONEY HAM 6X1.3KG NO NAME HAMS NO FRILLS,NONAMEHAMS,
103,96244,17969095,55040001644,201910,LCL925,LARSEN HAM STEAK,6310028461,LARSEN BONELESS HAM SLC 12X375G,LARSEN,HAM AND SP MEATS,62 PRINCE RUPERT DR,HAM AND SP MEATS LARSEN LARSEN BONELESS HAM SLC 12X375G LARSEN HAM STEAK DOMINION,LARSENHAMSTEAK,http://images.mapleleaf.com/MARKET%20IQ/2722769248493246.JPG
104,96347,17987897,63100019331,201910,LCL378,DAWN LOAF,6310000948,DAWN COOKED HAM LOAF 20X300G,DAWN,SLICED MEATS,1650 BEDFORD HWY,SLICED MEATS DAWN DAWN COOKED HAM LOAF 20X300G DAWN LOAF ATLANTIC SUPERSTORE,DAWNLOAF,
105,96626,18041626,62000132430,201910,LCL2826,SCH REGULAR LARGE PACK,6310028459,SCHNEIDERS RED HOTS WIENER VP 12X900G,SCHNEIDER'S,WIENERS,600 MURPHY RD,WIENERS SCHNEIDER'S SCHNEIDERS RED HOTS WIENER VP 12X900G SCH REGULAR LARGE PACK SUPERSTORE,SCHREGULARLARGEPACK,http://images.mapleleaf.com/MARKET%20IQ/2218496228452502.JPG
106,96683,18053815,63100085220,201910,LCL2702,QF VARIETY 400,20250700000,SWIFT CC TRIO VARIETY PACK 12X400G,SWIFT,SLICED MEATS,332 WELTON ST,SLICED MEATS SWIFT SWIFT CC TRIO VARIETY PACK 12X400G QF VARIETY 400 NO FRILLS,QFVARIETY400,http://images.mapleleaf.com/MARKET%20IQ/247472285813.JPG
107,97055,18123067,63100207318,201910,LCL96,SHOPSY'S BEEF,28526300000,SHOPSY'S BEEF WIENERS 24X375G,SHOPSY'S,WIENERS,3940 HWY 7 RR 2,WIENERS SHOPSY'S SHOPSY'S BEEF WIENERS 24X375G SHOPSY'S BEEF FORTINOS,SHOPSY'SBEEF,http://images.mapleleaf.com/MARKET%20IQ/90156228298499.JPG
108,97358,18186245,77262518446,201910,LCL3153,BI THIGH,6038308125,LC FXD PN MAP8 CHICKEN THIGH 8/CS TOTE,PRIME,PRIMARY CHICKEN,101 RAILWAY AVE W,PRIMARY CHICKEN PRIME LC FXD PN MAP8 CHICKEN THIGH 8/CS TOTE BI THIGH NO FRILLS,BITHIGH,http://images.mapleleaf.com/MARKET%20IQ/2709042485511798.JPG
109,97643,18239216,60383130500,201910,LCL8559,PC SLICED 125,20632800000,PC FREE FROM PROSCIUTTO 12X125G,PRESIDENT'S CHOICE,SLICED MEATS,2185 RUE GALT O,SLICED MEATS PRESIDENT'S CHOICE PC FREE FROM PROSCIUTTO 12X125G PC SLICED 125 PROVIGO,PCSLICED125,
110,97913,18292695,63100261860,201910,LCL661,SUNRISE LARGE BOLOGNA,20918800000,SUNRISE LARGE BOLOGNA 8X2KG,SUNRISE,BOLOGNA,PO BOX 1120 229 MAIN ST,BOLOGNA SUNRISE SUNRISE LARGE BOLOGNA 8X2KG SUNRISE LARGE BOLOGNA YOUR IND GROCER,SUNRISELARGEBOLOGNA,http://images.mapleleaf.com/MARKET%20IQ/1219254228556171.JPG
111,97986,18304524,77262513762,201910,LCL3447,BI DRUM,25799500000,LC PN FXD MAP8 CKN DRUM TOTE 8/CS,PRIME,PRIMARY CHICKEN,403 MCCONACHIE WAY NW,PRIMARY CHICKEN PRIME LC PN FXD MAP8 CKN DRUM TOTE 8/CS BI DRUM NO FRILLS,BIDRUM,
112,98640,18434336,61483057858,201910,LCL6713,SUFRA B&B,6310028412,SUFRA CHICKEN STRIPS FZ 8X840G,SUFRA,FURTHER PROCESSED POULTRY,6904 99TH ST NW,FURTHER PROCESSED POULTRY SUFRA SUFRA CHICKEN STRIPS FZ 8X840G SUFRA B&B WHOLESALE CLUB,SUFRAB&B,
113,99223,18534491,63100309630,201910,LCL1754,SCH CN RAW BURGERS,22823000000,SCN ANGUS BURGER FZ 10X680G,SCHNEIDER'S,BOXED MEATS,1836 REGENT ST S,BOXED MEATS SCHNEIDER'S SCN ANGUS BURGER FZ 10X680G SCH CN RAW BURGERS YOUR IND GROCER,SCHCNRAWBURGERS,
114,99286,18547270,61483057797,201910,LCL8706,SUFRA BURGERS,6310028453,SUFRA BREADED CKN BURGERS FZ 8X828G,SUFRA,FURTHER PROCESSED POULTRY,1100 MONTEE MASSON,FURTHER PROCESSED POULTRY SUFRA SUFRA BREADED CKN BURGERS FZ 8X828G SUFRA BURGERS MAXI - MAXI & CIE,SUFRABURGERS,
115,100643,18833732,63100284555,201910,LCL622,LARSEN REGULAR,21699400000,LARSEN WIENERS 24X375G,LARSEN,WIENERS,15-454 MAIN ST,WIENERS LARSEN LARSEN WIENERS 24X375G LARSEN REGULAR YOUR IND GROCER,LARSENREGULAR,http://images.mapleleaf.com/MARKET%20IQ/139365228615182.JPG
116,100755,18853194,63100012158,201910,LCL396,SUNRISE 150-175,21701400000,SR SHAVED BLK FOREST HAM 12X175G,SUNRISE,SLICED MEATS,240 MADAWASKA CH,SLICED MEATS SUNRISE SR SHAVED BLK FOREST HAM 12X175G SUNRISE 150-175 ATLANTIC SUPERSTORE,SUNRISE150-175,http://images.mapleleaf.com/MARKET%20IQ/20434228525460.JPG
117,101593,19010716,63100137851,201910,LCL359,PRIME BURGERS,21671300000,PRIME TURKEY BURGER RWA FZ 10X680G,PRIME,FURTHER PROCESSED POULTRY,2 JOHNSON AVE,FURTHER PROCESSED POULTRY PRIME PRIME TURKEY BURGER RWA FZ 10X680G PRIME BURGERS ATLANTIC SUPERSTORE,PRIMEBURGERS,http://images.mapleleaf.com/MARKET%20IQ/2334520228452173.JPG
118,101657,19024557,63100013186,201910,LCL610,SUNRISE 250,6310001933,SUNRISE VRTY PACK SAL/HAM/PEP 12X250G,SUNRISE,SLICED MEATS,2-229 BOUL J D GAUTHIER,SLICED MEATS SUNRISE SUNRISE VRTY PACK SAL/HAM/PEP 12X250G SUNRISE 250 YOUR IND GROCER,SUNRISE250,http://images.mapleleaf.com/MARKET%20IQ/264439228555782.JPG
119,101752,19042459,63100320123,201910,LCL740,GRAB'N SNACK,20382500000,LM GRAB N SNACK NACHOS 24X68G,LUNCHMATE,KITS,700 BALMORAL DR,KITS LUNCHMATE LM GRAB N SNACK NACHOS 24X68G GRAB'N SNACK NO FRILLS,GRAB'NSNACK,http://images.mapleleaf.com/MARKET%20IQ/4270772484921726.JPG
120,103058,19275952,63100085244,201910,LCL380,QF FZ SAUSAGE,6310028461,SWIFT BREAKFAST SAUS FZ 24X300G,SWIFT,SAUSAGE,9 BRAEMAR DR,SAUSAGE SWIFT SWIFT BREAKFAST SAUS FZ 24X300G QF FZ SAUSAGE ATLANTIC SUPERSTORE,QFFZSAUSAGE,http://images.mapleleaf.com/MARKET%20IQ/161692285256.JPG
121,103264,19312674,60383147232,201910,LCL380,PC VERMONT,6310028461,PC VERMONT HALF HAM 12X800G,PRESIDENT'S CHOICE,HAM AND SP MEATS,9 BRAEMAR DR,HAM AND SP MEATS PRESIDENT'S CHOICE PC VERMONT HALF HAM 12X800G PC VERMONT ATLANTIC SUPERSTORE,PCVERMONT,
122,103635,19381665,56839665207,201910,LCL8626,ML MEAT PIES,6310028461,MAPLE LEAF CHICKEN PIES FZ 24X200G,MAPLE LEAF,PASTRY PRODUCTS,500 BOUL DES LAURENTIDES,PASTRY PRODUCTS MAPLE LEAF MAPLE LEAF CHICKEN PIES FZ 24X200G ML MEAT PIES MAXI - MAXI & CIE,MLMEATPIES,http://images.mapleleaf.com/MARKET%20IQ/213389228554764.JPG
123,103671,19386029,66170001114,201910,LCL357,SUNRISE STICKS,20502400000,SUNRISE VAC PEPPERONI STICK 12X250G,SUNRISE,SAUSAGE,700 ST PETER AVE,SAUSAGE SUNRISE SUNRISE VAC PEPPERONI STICK 12X250G SUNRISE STICKS ATLANTIC SUPERSTORE,SUNRISESTICKS,
124,104068,19466266,60383045996,201910,LCL8582,NO NAME RINGS,6038347520,NO NAME GARLIC RING 12X300G,NO NAME,SAUSAGE,2335 MAPLE DR E,SAUSAGE NO NAME NO NAME GARLIC RING 12X300G NO NAME RINGS EXTRA FOODS,NONAMERINGS,
125,104548,19549567,63100284562,201910,LCL321,COACHMAN REGULAR,21670600000,COACHMAN LARSEN VP WIENERS 24X375G,COACHMAN,WIENERS,125 KING ST,WIENERS COACHMAN COACHMAN LARSEN VP WIENERS 24X375G COACHMAN REGULAR ATLANTIC SUPERSTORE,COACHMANREGULAR,
126,104626,19565673,63100375253,201910,LCL1528,MGF 4X375,24053900000,MGF WFF BCN VXR 8X4/375G,MITCHELL'S GOURMET FOODS,BACON,757 RYAN RD,BACON MITCHELL'S GOURMET FOODS MGF WFF BCN VXR 8X4/375G MGF 4X375 SUPERSTORE,MGF4X375,
127,104841,19603191,63100108158,201910,LCL8853,DEVOUR JERKY REG,20177800000,DEVOUR SH CHIPOTLE BEEF JERKY 12X70G,DEVOUR,SNACK FOODS,1083 BOUL DU CURE LABELLE,SNACK FOODS DEVOUR DEVOUR SH CHIPOTLE BEEF JERKY 12X70G DEVOUR JERKY REG MAXI - MAXI & CIE,DEVOURJERKYREG,http://images.mapleleaf.com/MARKET%20IQ/64309228113309.JPG
128,105549,19741079,63100284821,201910,LCL8900,MERE MICHEL FZ SAUSAGE,25801100000,MERE MICHEL BRKFST SAUSAGES FZ 24X300G,MERE MICHEL,SAUSAGE,2101 AV DOLLARD,SAUSAGE MERE MICHEL MERE MICHEL BRKFST SAUSAGES FZ 24X300G MERE MICHEL FZ SAUSAGE MAXI - MAXI & CIE,MEREMICHELFZSAUSAGE,
129,105652,19754249,60383045972,201910,LCL1522,NO NAME CHUBS LARGE,6310050877,NO NAME PEPPERONI CHUB 8X1KG,NO NAME,SAUSAGE,910 COLUMBIA ST W,SAUSAGE NO NAME NO NAME PEPPERONI CHUB 8X1KG NO NAME CHUBS LARGE SUPERSTORE,NONAMECHUBSLARGE,
130,107214,20030967,63100452046,201910,LCL8236,#2,6038369457,CARVERS CHOICE BACON 32X375G,CARVER'S CHOICE,BACON,470 RUE WELLINGTON S,BACON CARVER'S CHOICE CARVERS CHOICE BACON 32X375G #2 WHOLESALE CLUB,#2,http://images.mapleleaf.com/MARKET%20IQ/1182370248493717.JPG
131,107642,20100733,63100240162,201910,LCL1523,SCH 3X375,6038313196,SCH REG BACON 9X3X375G,SCHNEIDER'S,BACON,45779 LUCKAKUCK WAY,BACON SCHNEIDER'S SCH REG BACON 9X3X375G SCH 3X375 SUPERSTORE,SCH3X375,
132,107750,20124937,63100207332,201910,LCL1127,SHOPSY'S ADULT,6038314590,SHOPSY'S DELI-FRESH ORIG FRANKS 12X375G,SHOPSY'S,WIENERS,12 HURONTARIO ST,WIENERS SHOPSY'S SHOPSY'S DELI-FRESH ORIG FRANKS 12X375G SHOPSY'S ADULT LOBLAW,SHOPSY'SADULT,http://images.mapleleaf.com/MARKET%20IQ/831901228556942.JPG
133,107896,20156924,55040000272,201910,LCL351,LARSEN CHUNK,20536800000,LARSEN SMOKED BOLOGNA CHUNK 8X900G,LARSEN,BOLOGNA,745 SACKVILLE DR,BOLOGNA LARSEN LARSEN SMOKED BOLOGNA CHUNK 8X900G LARSEN CHUNK ATLANTIC SUPERSTORE,LARSENCHUNK,http://images.mapleleaf.com/MARKET%20IQ/212882285811.JPG
134,108042,20186496,60383151369,201910,LCL1537,PC FF BACK BACON,6310048008,PC FREE FROM BACK BACON 12X200G,PRESIDENT'S CHOICE,BACON,11839 26 AVE SW,BACON PRESIDENT'S CHOICE PC FREE FROM BACK BACON 12X200G PC FF BACK BACON SUPERSTORE,PCFFBACKBACON,
135,108138,20207487,63100216563,201910,LCL3943,SCH WINGS,6038379132,DNU SCHNEIDERS WM MILD BBQ WINGS FZ 8X,SCHNEIDER'S,FURTHER PROCESSED POULTRY,5335 55TH ST,FURTHER PROCESSED POULTRY SCHNEIDER'S DNU SCHNEIDERS WM MILD BBQ WINGS FZ 8X SCH WINGS NO FRILLS,SCHWINGS,http://images.mapleleaf.com/MARKET%20IQ/25543572284521389.JPG
136,108399,20255896,63100284685,201910,LCL8790,QF HALF HAM,20632800000,MERE MICHEL SMOKED HAM 6X450G,MERE MICHEL,HAM AND SP MEATS,2695 BOUL RIDEAU,HAM AND SP MEATS MERE MICHEL MERE MICHEL SMOKED HAM 6X450G QF HALF HAM PROVIGO,QFHALFHAM,
137,108429,20259424,63100436824,201910,LCL9002,MGF ADULT CLUB PACK,22020100000,MGF REGULAR WIENERS 8X1.8KG,MITCHELL'S GOURMET FOODS,WIENERS,740 ST ANNE S RD,WIENERS MITCHELL'S GOURMET FOODS MGF REGULAR WIENERS 8X1.8KG MGF ADULT CLUB PACK EXTRA FOODS,MGFADULTCLUBPACK,
138,108781,20328431,63100085169,201910,LCL823,QF SMOKED,6310048029,SWIFT CHEDDAR SAUSAGE 24X300G,SWIFT,SAUSAGE,25 FERRARA DR,SAUSAGE SWIFT SWIFT CHEDDAR SAUSAGE 24X300G QF SMOKED YOUR IND GROCER,QFSMOKED,http://images.mapleleaf.com/MARKET%20IQ/2928404228493533.JPG
139,108834,20339814,63100460287,201910,LCL8650,HYGRADE FIXED PRICED MID,6038313755,HYGRADE SMOKED TURKEY 10X250G,HYGRADE,SLICED MEATS,1500 CH SULLIVAN,SLICED MEATS HYGRADE HYGRADE SMOKED TURKEY 10X250G HYGRADE FIXED PRICED MID MAXI - MAXI & CIE,HYGRADEFIXEDPRICEDMID,http://images.mapleleaf.com/MARKET%20IQ/783539248493213.JPG
140,109375,20393246,63100103429,201910,LCL367,MINA KITS,6310026897,MINA BOLOGNA LUNCHKIT 12X90G,MINA,KITS,5240 HWY 7,KITS MINA MINA BOLOGNA LUNCHKIT 12X90G MINA KITS ATLANTIC SUPERSTORE HALAL,MINAKITS,http://images.mapleleaf.com/MARKET%20IQ/1821071228452555.JPG
141,109642,20468540,63100375239,201910,LCL1515,REGIONAL 375,6038308126,DNU ML SIDE BACON 32X375G,MITCHELL'S GOURMET FOODS,BACON,920 VICTORIA AVE,BACON MITCHELL'S GOURMET FOODS DNU ML SIDE BACON 32X375G REGIONAL 375 SUPERSTORE,REGIONAL375,http://images.mapleleaf.com/MARKET%20IQ/217952322845270.JPG
142,109856,20513080,61483057698,201910,LCL1007,SUFRA KITS,6310042138,SUFRA BOLO LUNCH KIT 12X90G,SUFRA,KITS,60 CARLTON ST,KITS SUFRA SUFRA BOLO LUNCH KIT 12X90G SUFRA KITS LOBLAW,SUFRAKITS,
143,110258,20602592,63100085381,201910,LCL1373,QF MEAT PIES,6310008541,SWIFT CHICKEN PIE FZ 24X190G,SWIFT,PASTRY PRODUCTS,449 CARLAW AVE,PASTRY PRODUCTS SWIFT SWIFT CHICKEN PIE FZ 24X190G QF MEAT PIES NO FRILLS,QFMEATPIES,
144,110434,20629854,63100105263,201910,LCL8845,HYGRADE FROZEN,21670800000,HYGRADE MAPLE SAUS FZ 12X500G,HYGRADE,SAUSAGE,1100 13E AVE N,SAUSAGE HYGRADE HYGRADE MAPLE SAUS FZ 12X500G HYGRADE FROZEN PROVIGO,HYGRADEFROZEN,http://images.mapleleaf.com/MARKET%20IQ/71126228171015.JPG
145,110797,20692606,63100026599,201910,LCL372,LARSEN TOUPIE,5683966510,LARSEN BNLS SMK TOUPIE HAM 10X1.36KG,LARSEN,HAM AND SP MEATS,104 STARRS RD,HAM AND SP MEATS LARSEN LARSEN BNLS SMK TOUPIE HAM 10X1.36KG LARSEN TOUPIE ATLANTIC SUPERSTORE,LARSENTOUPIE,
146,110809,20694389,63100132467,201910,LCL2730,SCH DRUMSTICKS,28526000000,SCH CLASSIC BBQ DRUMSTICK FZ 8X1.0KG,SCHNEIDER'S,FURTHER PROCESSED POULTRY,235 GORE RD,FURTHER PROCESSED POULTRY SCHNEIDER'S SCH CLASSIC BBQ DRUMSTICK FZ 8X1.0KG SCH DRUMSTICKS VALU-MART,SCHDRUMSTICKS,http://images.mapleleaf.com/MARKET%20IQ/89169228298290.JPG
147,111006,20776070,62000124756,201910,LCL6719,HOT ROD SUPER,23513100000,SCH SUPER HOT ROD ORIGINAL 6X40X19G,SCHNEIDER'S,SNACK FOODS,9116 107TH ST,SNACK FOODS SCHNEIDER'S SCH SUPER HOT ROD ORIGINAL 6X40X19G HOT ROD SUPER WHOLESALE CLUB,HOTRODSUPER,
148,111241,20797519,63100260177,201910,LCL3970,SCH SLICED BOLO 375,6310000619,SCH BR BOLOGNA 24X375G,SCHNEIDER'S,BOLOGNA,119-5401 TEMPLE DR NE,BOLOGNA SCHNEIDER'S SCH BR BOLOGNA 24X375G SCH SLICED BOLO 375 NO FRILLS,SCHSLICEDBOLO375,http://images.mapleleaf.com/MARKET%20IQ/194037228617264.JPG
149,111257,20799832,58640000505,201910,LCL8242,HYGRADE STICKS CADDY,5864000050,HYGRADE PEPPERONI 4X40X25G,HYGRADE,SNACK FOODS,3708 CHEMIN DE CHAMBLY,SNACK FOODS HYGRADE HYGRADE PEPPERONI 4X40X25G HYGRADE STICKS CADDY WHOLESALE CLUB,HYGRADESTICKSCADDY,
